{
  "repo": "/home/phaze/PycharmProjects/llm-council-rag/tests/fixtures/golden_repo",
  "query_count": 18,
  "k": 10,
  "colbert_mode": "learned",
  "rerank_mode": "bge",
  "chunk_count": 13,
  "variants": {
    "A": {
      "variant": "A",
      "recall_at_k": 0.9166666666666666,
      "per_query": {
        "q01": 1.0,
        "q02": 1.0,
        "q03": 1.0,
        "q04": 1.0,
        "q05": 1.0,
        "q06": 1.0,
        "q07": 1.0,
        "q08": 1.0,
        "q09": 1.0,
        "q10": 1.0,
        "q11": 1.0,
        "q12": 1.0,
        "q13": 0.0,
        "q14": 0.5,
        "q15": 1.0,
        "q16": 1.0,
        "q17": 1.0,
        "q18": 1.0
      },
      "by_category": {
        "symbol_lookup": 0.875,
        "cross_file": 0.8333333333333334,
        "trace": 1.0,
        "semantic": 1.0,
        "pattern": 1.0
      },
      "k": 10
    },
    "B": {
      "variant": "B",
      "recall_at_k": 0.9166666666666666,
      "per_query": {
        "q01": 1.0,
        "q02": 1.0,
        "q03": 1.0,
        "q04": 1.0,
        "q05": 1.0,
        "q06": 1.0,
        "q07": 1.0,
        "q08": 1.0,
        "q09": 1.0,
        "q10": 1.0,
        "q11": 1.0,
        "q12": 1.0,
        "q13": 0.0,
        "q14": 0.5,
        "q15": 1.0,
        "q16": 1.0,
        "q17": 1.0,
        "q18": 1.0
      },
      "by_category": {
        "symbol_lookup": 0.875,
        "cross_file": 0.8333333333333334,
        "trace": 1.0,
        "semantic": 1.0,
        "pattern": 1.0
      },
      "k": 10
    },
    "C": {
      "variant": "C",
      "recall_at_k": 0.9166666666666666,
      "per_query": {
        "q01": 1.0,
        "q02": 1.0,
        "q03": 1.0,
        "q04": 1.0,
        "q05": 1.0,
        "q06": 1.0,
        "q07": 1.0,
        "q08": 1.0,
        "q09": 1.0,
        "q10": 1.0,
        "q11": 1.0,
        "q12": 1.0,
        "q13": 0.0,
        "q14": 0.5,
        "q15": 1.0,
        "q16": 1.0,
        "q17": 1.0,
        "q18": 1.0
      },
      "by_category": {
        "symbol_lookup": 0.875,
        "cross_file": 0.8333333333333334,
        "trace": 1.0,
        "semantic": 1.0,
        "pattern": 1.0
      },
      "k": 10
    },
    "D": {
      "variant": "D",
      "recall_at_k": 0.9166666666666666,
      "per_query": {
        "q01": 1.0,
        "q02": 1.0,
        "q03": 1.0,
        "q04": 1.0,
        "q05": 1.0,
        "q06": 1.0,
        "q07": 1.0,
        "q08": 1.0,
        "q09": 1.0,
        "q10": 1.0,
        "q11": 1.0,
        "q12": 1.0,
        "q13": 0.0,
        "q14": 0.5,
        "q15": 1.0,
        "q16": 1.0,
        "q17": 1.0,
        "q18": 1.0
      },
      "by_category": {
        "symbol_lookup": 0.875,
        "cross_file": 0.8333333333333334,
        "trace": 1.0,
        "semantic": 1.0,
        "pattern": 1.0
      },
      "k": 10
    },
    "E": {
      "variant": "E",
      "recall_at_k": 0.9166666666666666,
      "per_query": {
        "q01": 1.0,
        "q02": 1.0,
        "q03": 1.0,
        "q04": 1.0,
        "q05": 1.0,
        "q06": 1.0,
        "q07": 1.0,
        "q08": 1.0,
        "q09": 1.0,
        "q10": 1.0,
        "q11": 1.0,
        "q12": 1.0,
        "q13": 0.0,
        "q14": 0.5,
        "q15": 1.0,
        "q16": 1.0,
        "q17": 1.0,
        "q18": 1.0
      },
      "by_category": {
        "symbol_lookup": 0.875,
        "cross_file": 0.8333333333333334,
        "trace": 1.0,
        "semantic": 1.0,
        "pattern": 1.0
      },
      "k": 10
    }
  },
  "summary": {
    "A": 0.9166666666666666,
    "B": 0.9166666666666666,
    "C": 0.9166666666666666,
    "D": 0.9166666666666666,
    "E": 0.9166666666666666
  },
  "by_category": {
    "A": {
      "symbol_lookup": 0.875,
      "cross_file": 0.8333333333333334,
      "trace": 1.0,
      "semantic": 1.0,
      "pattern": 1.0
    },
    "B": {
      "symbol_lookup": 0.875,
      "cross_file": 0.8333333333333334,
      "trace": 1.0,
      "semantic": 1.0,
      "pattern": 1.0
    },
    "C": {
      "symbol_lookup": 0.875,
      "cross_file": 0.8333333333333334,
      "trace": 1.0,
      "semantic": 1.0,
      "pattern": 1.0
    },
    "D": {
      "symbol_lookup": 0.875,
      "cross_file": 0.8333333333333334,
      "trace": 1.0,
      "semantic": 1.0,
      "pattern": 1.0
    },
    "E": {
      "symbol_lookup": 0.875,
      "cross_file": 0.8333333333333334,
      "trace": 1.0,
      "semantic": 1.0,
      "pattern": 1.0
    }
  },
  "run_at": "2026-07-06T02:50:26.957976+00:00"
}